neutral,@Late_Show I would have watched but the folks at @apple have a jihad against adobe flash. Plse consider a YouTube link in future on UR site
neutral,"RT @rdingwell: .@Apple has a record quarter and because a bunch of professional guessers (aka analysts) wanted more, its a disappointmen ..."
neutral,"Hey @apple, androids releasing brand new state of the art phones, whens your new phone come out? What's that? (cont) http://t.co/2sko9l3d"
neutral,".@Apple has a record quarter and because a bunch of professional guessers (aka analysts) wanted more, its a disappointment #wtf"
neutral,@Apple how fun wouldn't it be if it was possible to integrate  ( soon to be named ) with notifications?
neutral,"Interesting read on war b/w @Apple & @Samsung- http://t.co/Vt9d24Yi -using latter, agree lack of innovation, but better specs at same price!"
neutral,RT @adamnash: The takeaway from the @Apple earnings call?  Even Apple needs a new iPhone release every 12 months to stay competitive. cc ...
neutral,The takeaway from the @Apple earnings call?  Even Apple needs a new iPhone release every 12 months to stay competitive. cc: @hblodget
neutral,Today's headline: @apple reports lower 4Q earnings. Headline in 3 months: @Apple reports record Q1 earnings.
neutral,"Win an @Apple iPod Touch from @Mommy_gaga, get the @Pampers Hello World Baby Memories App! http://t.co/XVcch6Os #PampersHelloApps"""
neutral,@apple expanded the app store to more than 20 new countries in the december quarter
neutral,@Apple will be rolling out iPhone 4S to more than 20 more countries by the end of the month.
neutral,Is it JUST a coincidence that @Apple named their virtual assistant after Tom and Katie's robot daughter?
neutral,Good or Bad results for @Apple ? Depends on who you ask apparently http://t.co/yDH8ffxE
neutral,Interesting times when increasing your revenue from $20B to $28B in a recession is considered a disappointment. @apple
neutral,People are waiting in line @apple for phones at 1:30 on a Tuesday! Don't you people have Jobs(no pun intended?)???
neutral,"@Apple Would much rather get outta this having a ( see pic ) and have fun with this "" Have your friends choose music"" http://t.co/7IiHbr4J"
neutral,RT @CRMStrategies: Great Tech War of 2012 http://t.co/64jGRoBp @FastCompany profiles @Amazon @Apple @Google @Facebook on @CNBC /ht @phil ...
neutral,@apple gonna see if anyone stayed logged into their fb or twitter #TroubleMaker
neutral,"If you've been struggling to get hold of me, I'm back online with a new iPhone - thanks @apple"
neutral,"Hey @Apple, pretty much all your products are amazing. You blow minds every time you launch a new gizmo. That said, your hold music is crap."
neutral,Great Tech War of 2012 http://t.co/64jGRoBp @FastCompany profiles @Amazon @Apple @Google @Facebook on @CNBC /ht @philsimon
neutral,@Jake_Gyllenhaal So you've made up with @Apple?
neutral,@Apple has a pic of Steve Jobs on their home page. #Honor
neutral,"@Apple to shut stores!!! C'mon, Only Wednesday for @SteveJobs memorial."
neutral,@Motorola is the Best Android-powered company that is going against @Apple.
neutral,@apple #readyfor5.0.1 http://t.co/M2FqakYr
neutral,This is what I have been waiting for RT @Apple The last big project Steve Jobs was working on was the new cranial insertion device: iMplant.
neutral,Apple Users Get The official Kalifornia Cavi App on your Apple Device now on  - powered by @Apple - Download it free http://t.co/HlGnvlRw
neutral,The official Kalifornia Cavi Mobil App is now available on the app store - powered by @Apple - Download it free http://t.co/HlGnvlRw
neutral,"#Win an @Apple iPod Touch from @Mommy_gaga, get the @Pampers Hello World Baby Memories App! http://t.co/I6woujUh #PampersHelloApps"
neutral,@Apple #RIPSteve RT @davepeck: Steve Jobs and the Seven Rules of Success http://t.co/4nLRLdWy
neutral,"macbreak weekly @TWiT via @apple airplay in full HD on the 42"". finally! @leolaporte @Ihnatko @alexlindsay"
neutral,"Stay young, stay foolish. But take ownership when u f*ck up, don't complain, and never give up. #resilience @apple"
neutral,"Dear @motorola, I smell a lawsuit coming your way. cc: @apple #motoactv"
neutral,RT @hofmania: I just paid someone to wait in line at the @apple store this morning for me on @zaarly #putapriceonconvenience #iphone htt ...
neutral,@apple Or @Microsoft Buying Out @RIM ?
neutral,@apple Why don't you have a wireless remote for Keynote presentations w a MacBook Air?  Nobody wants to see the pith man navigate w a iPhone
neutral,"RT @HaendelBalzora: dear @apple please invent ""FaceTime Voicemails."" sincerely, haendel balzora jr. #apple"
neutral,"#Win an @Apple iPod Touch from @Mommy_gaga, get the @Pampers Hello World Baby Memories App! http://t.co/YUydxo1t #PampersHelloApps"
neutral,"dear @apple please invent ""FaceTime Voicemails."" sincerely, haendel balzora jr. #apple"
neutral,"RT @jesperordrup: Hi @apple. Household has 4 iphones, 2 ipads, 2 minis, 2 apple tv, AirPorts, Timecapsule +. Whats a usable iPhoto shari ..."
neutral,Couldnt help it & explored the #iphone4s @apple store & talked to #Siri... Should've tried to speak to her in French?! #nexttime
neutral,"is it just me or do other people miss the iPod symbol on the iPhone? I had the first iPod, it's what I relate to @apple #ios5 #nostalgia"
neutral,@ATTCustomerCare @att @apple I already have an iPhone 4 with an ATT contract. Can I buy a factory UNLOCKED iPhone 4S with my contract?
neutral,RT @HowardMortman: .RT @edatpost: .@Apple fan Eric Holder spotted at the Genius Store http://t.co/7vZSIXpy
neutral,"Hi @apple. Household has 4 iphones, 2 ipads, 2 minis, 2 apple tv, AirPorts, Timecapsule +. Whats a usable iPhoto sharing setup? /cc @maddox"
neutral,RT @edatpost: Bah! Genius BAR // RT @edatpost: .@Apple fan Eric Holder spotted at the Genius Store http://t.co/FTLttLPn
neutral,#motoactiv? Methinks @apple and maybe @Nike are already prepping lawsuits
neutral,Check this video out -- moe. plays Live on iPads. Video dedicated in memory of #SteveJobs http://t.co/XSiyDnqu @ipad @mac @apple #brilliant
neutral,Bah! Genius BAR // RT @edatpost: .@Apple fan Eric Holder spotted at the Genius Store http://t.co/FTLttLPn
neutral,Evolution of @Apple Ads 1975-2002: http://t.co/QTOqOZ42 @thesavoia #stevejobs #tech #art
neutral,@apple #siri http://t.co/k7b686hX
neutral,.RT @edatpost: .@Apple fan Eric Holder spotted at the Genius Store http://t.co/LCTPxHF5
neutral,RT @edatpost: .@Apple fan Eric Holder spotted at the Genius Store http://t.co/FTLttLPn
neutral,RT @edatpost: .@Apple fan Eric Holder spotted at the Genius Store http://t.co/OshPyV2G
neutral,.@Apple fan Eric Holder spotted at the Genius Store http://t.co/FTLttLPn
neutral,RT @DailyDealChat: @bidmyway I like your app for the @apple iPhone very simple and easy to use!
neutral,@bidmyway I like your app for the @apple iPhone very simple and easy to use!
neutral,"Thanks, @Apple. Now even more people on the bus are talking to inanimate objects. Harder than ever to tell who's crazy and who's hip."
neutral,Noticed how @apple has added the like & tweet icons on their page? http://t.co/PZoNZeC8 #like #facebook #tweet
neutral,@rtimbuc thx for publicly coming out out of the @Apple closet ... :)
neutral,"Win an @Apple iPod Touch from @Mommy_gaga, get the @Pampers Hello World Baby Memories App! http://t.co/2XJZaLCs #PampersHelloApps"
neutral,@RIM to release new generation of phones in the new year to contend with @Apple... Hmmm.
neutral,RT @TimjwDowning: #iOS 5  is a great system but it's taken all day to download @apple
neutral,Using @Apple's mobile @AirPort Utility http://t.co/TiDpaHYC
neutral,@Dropbox balked at acquisition by @Apple. My apps thank them. :)  http://t.co/VsYPl9Xu
neutral,"These cos are worth billions: @Apple, @Facebook @Google & @Amazon and they are battling for consumers  http://t.co/4WxPCH9h via @fastcompany"
neutral,"Just when #TomCruise thought he had a unique name for his daughter, @Apple pulls the rug out from under him with the new #Siri App."
neutral,I wonder If the person who has @apple is holding out for apple to buy it from them
neutral,iOS 5 for iPhone and iPad is Here: Apple's Best Release Yet?  http://t.co/iLYGZ5Ox #ios5 #ios @apple #ipad #tablet
neutral,"The 'Great Tech War': @Apple, @Facebook, @Google, @Amazon battle for the future http://t.co/sVu8cG1M via @fastcompany"
neutral,"@BeeeThree I am aye, I wasn't @apple"
neutral,"How the community saw #SteveJobs - 12 Most #Community ""iCelebrates"" Steve Jobs - http://t.co/jJRwIvmc @Apple"
neutral,Steve Jobs' unconventional #leadership secret - ACC SmartBrief: http://t.co/CY6VxRnF &gt; @Apple #sm #HR #NEHRA
neutral,RT @aplusk: Sending love & light to everyone @Apple & the entire Jobs family.Today we lost a Giant who will be missed even by those who  ...
neutral,"Attending #mobilemem , listening to James Kelley from @apple ."
neutral,Tell how Steve Jobs & @Apple changed your life and $5 will be donated to Pancreatic #Cancer Research! @PanCAN @Pan_Act http://t.co/BWzganje
neutral,"yeah, @apple is updated!! planking photos, #lmaoo http://t.co/IusXJJDq"
neutral,picking up my #iPhone4S in two hours @Apple!
neutral,@DickCostolo says daily #twitter signups have TRIPLED since the new @apple #iphone4S came out
neutral,"yes, i am live tweeting my @apple tech support call. Isn't this fun?"
neutral,"@azee1v1 @apple @umber Better file info/easier to get to, duplication of files when importing. Categorizing files."
neutral,"ok @apple, now we got our iOS5 and #icloud, can we please have #LogicX"
neutral,@AsimRang @apple @umber well so far ive seen it for apps
neutral,"Hello again, iPhone 4!!! Thank you, @apple! Although this should have never broken in the first place! #tsk"
neutral,@AsimRang @apple @umber when you upgrade to ios5 there is a section in app store which lets you download anything you have purchased before
neutral,"@Apple, @Facebook, @Google and @Amazon battle in...The Great Tech War of 2012 http://t.co/uL9zZKv8 by @fmanjoo"
neutral,"@AsimRang @apple @umber the podcasts feature works just fine, music purchasing is straight forward, what else do you want?"
neutral,‚Äú@NoVaTyler: @Foreverfit4u amazing how quickly apple went down the poop tube‚Äù It couldn't have 2do w/operator error! #sarcasm Still ‚ù§ @apple
neutral,RT @Apple We destroying you next RT @therealterica: Duh #TeamAndroid RT @JuanHustle I got a feeling we living in the last days of Blackberry
neutral,@KaeKaed @Apple Here is an easy way to put Newsstand in a folder http://t.co/yVXmWIbI
neutral,"#Win an @Apple iPod Touch from @Mommy_gaga, get the @Pampers Hello World Baby Memories App! http://t.co/AAP7StHt #PampersHelloApps"
neutral,"Been MIA from Twitter.. But now Tweeting from my new @apple iPhone! :) #finallycool #notreally well, It IS ..I'm not :) #stilllearning"
neutral,@AsgariAJ #iPhone need to tell @Apple that
neutral,"@Mommy_gaga, #Win an @Apple iPod Touch @Mommy_gaga, get the @Pampers Hello World Baby Memories App! http://t.co/qEATNMpI #PampersHelloApps"
neutral,Need to update my apps. ): my apple ID is disabled.. Don't know what to do.. @apple @AppStore @itunes @Siri_Assistant
neutral,I wonder if @Apple OSX will get built-in @Twitter @support like iOS5. That would be very helpful at the moment.
neutral,Spell check needed when saving documents - fingers crossed Steve Jobs left that nugget of technology behind on the @Apple to do list. :)
neutral,@Apple Stores to close for one hour on October 19 to watch #SteveJobs #memorial http://t.co/fbjqb5RA via @9to5mac #tech #porchista
neutral,iPhone 4S vs Canon 5D MKII. @apple @canon @iphone http://t.co/PvKqad33
neutral,@Samsung wants to ban @Apple iPhone 4S in Japan and Australia. http://t.co/hWA4tWIc #smartphonewar
neutral,Siri says some weird things | This is my next... http://t.co/H8n7caSg via @verge @hasanga @mohoisham @apple #Siri #LMFAO
neutral,@apple karaoke ceel w/ @nandamaulida @putriasmara @galuhoktriana @milatus :p
neutral,The four American companies that have come to define 21st-century on the verge of war. @Amazon @Apple @Facebook and @G‚Ä¶http://t.co/PxUlr5dw
neutral,@SamsungMobileUS @Apple would disagree with you right now.
neutral,"Stay hungry, stay foolish. Steve Jobs, founder @Apple #WinningWithEL"
neutral,RT @thejjmg: My friend @bm88 found this article on the #ios5 battery drain problem http://t.co/Iqa0ipVt @Apple ah mines being sinking...
neutral,iSteps @apple store bologna http://t.co/WjjBq7Ae
neutral,"How I manage my businesses/life: @pivotaltracker, @37signals, @twitter, @googleapps, @apple, @dropbox, @wordpress, @dreamhost THX"
neutral,Notes for Jobs @Apple store in Palo alto downtown. http://t.co/4BJjfq4h
neutral,Just realized Apple doesn't even have @Apple on lock. This dude R.J. Pittman waiting for thee fattest check.
neutral,"Hey @Apple, could you hook the voice memos app on the iPhone up with fine scrubbing? Journalists need love too."
neutral,RT @danysaadia: @ATTCustomerCare @att @apple I already have an ATT wireless line. Can I buy a factory unlocked iPhone 4S with my contract?
neutral,Dear @Apple‚Ä¶ If I make love to iCloud will ALL THE THINGS have my babies?
neutral,POLL: http://t.co/GcrpUKwF Q:R U pissed @Apple banned this video? #Apple #iPhone4S #Siri #F8ball
neutral,POLL: http://t.co/9q2Er1w9 Q:R U pissed @Apple banned this video? #Apple #iPhone4S #Siri #F8ball
neutral,More Twitter buzz for Apple Store: http://t.co/hLybd7uc - RT @ji_lee started out as a trip to the @apple store. turned into a spontaneou...
neutral,My friend @bm88 found this article on the #ios5 battery drain problem http://t.co/zMX85Fkd @apple
neutral,"""#Win an @Apple iPod Touch from @Mommy_gaga, get the @Pampers Hello World Baby Memories App! http://t.co/r0WYm1jX #PampersHelloApps"""
neutral,"Dear @apple, why did my #Apple ID change to my colleagues&#39; when I charged on her Mac? Now can&#39;t download or update apps. #iPhone"
neutral,"You know you've gone @Apple overboard when you misread a @Yelp review as ""iPad Thai."" #fb"
neutral,"Goodbye @Evernote, Welcome #NotesintheCloud thx @Apple"
neutral,Will @Apple's Mac ever properly be used in the financial markets or is it purely a creatives device? Shift from IBM to Mac? #finpanther
neutral,"But @att is ""working"" with @apple to make their iPhone say 4G RT @JFSikora: @TCPJ_Mickey I'm so glad Apple is not slinging that crap."
neutral,started out as a trip to the @apple store. turned into a spontaneous fun evening w @MolleyMoody. we danced while trying on outfits. #girls
neutral,The new @apple #find my friends app is great.... except the part where you have to log in everytime. Get back to me when this is changed...
neutral,One thing I want from #ios is searching in the add bar similar to what Firefox or droid phones do. But thnx for a talking Google @apple ...
neutral,"Gee, I can't imagine that the maps app graphic from this Samsung website will help their court cases vs. @Apple: http://t.co/PmanMoAh"
neutral,Would you look at that.. @SouthwestAir does @Apple style welcomes as well. http://t.co/t0TrFnk8 #customerappreciation #custserv
neutral,"RT @fredbenenson: Hey @twitter and @apple, this is pretty dumb. http://t.co/kubkPO0T"
neutral,"A brick n mortar @Google store? Coming soon to London, US next? Copying @Apple business model? http://t.co/l4VTHsv5"
neutral,"Hey @twitter and @apple, this is pretty dumb. http://t.co/kubkPO0T"
neutral,If the iPhone 4 case fits the 4S why is @nlevenbrown @apple buying a new one?
neutral,@apple store to get my phone fixed... ppl lined up for 4s http://t.co/aUHQLiVy
neutral,@Apple why no Macbook mirroring onto AppleTV via #Airplay?
neutral,@ATT just so I have this right.I pre-ordered an iphone last wk and it will be here in a month. I could buy in an @apple store today.really?
neutral,@apple please bring back the old Siri app for us old school iPhone 3 users!
neutral,"Upgrading my #iPad to #iOS5. When @Apple said it could take a couple of hours to install and restore it, they weren't kidding."
neutral,"Yeah, there's no @apple twitter account."
neutral,POLL: http://t.co/Wu6EsvT5 Q:Should @Microsoft consider making its own hardware for #Windows like @Apple does? #Microsoft #Windows #Appl ...
neutral,POLL: http://t.co/tZBleGaQ Q:Should @Microsoft consider making its own hardware for #Windows like @Apple does? #Microsoft #Windows #Appl ...
neutral,@ATTCustomerCare @att @apple I already have an ATT wireless line. Can I buy a factory unlocked iPhone 4S with my contract?
neutral,Lol bet that Android couldnt do that  RT @ceejay3k: I promise this iPhone been at 1% battery for the last 3 hours. I see you @apple.
neutral,I promise this iPhone been at 1% battery for the last 3 hours. I see you @apple.
neutral,@APPLE freaks is Siri available for Iphone 4 yet?
neutral,#Iphone5 can you please make The battery last longer thanks @Apple
neutral,Hey @apple next update can we get an emoji that's pointing the middle finger please?? Thanx!!
neutral,U know the @apple company are giving out 500 iPads because Steve jobs past away
neutral,Found out the hard way today that @webex does not work with @apple ios5 yet when you are following a link for a meeting..
neutral,"RT @shanmoorthy: Next year is going to be really interesting in tech as @Google, @Amazon, @Facebook and @Apple vie for new growth areas  ..."
neutral,Saw that @apple is covered with msgs 4 steve jobs. Nice to kno ppl r still saying #thankyousteve
neutral,"iPhone 4 S now RESERVATION only, if you want to buy it in an @apple store tomorrow you have to reserve online after 9pm tonight"
neutral,@apple must be launching a #searchengine - imminent surely. #AppleSearch #AppleCore #bigapple haha! Please be the latter
neutral,"@FastCompany - The Great Tech War Of 2012: @Apple, @Facebook, @Google, and @Amazon duking it out - http://t.co/HXsAlzPv via @ADerricks"
neutral,Apple sold 4 million iPhone 4S units on first weekend - Appletell: http://t.co/vs5r1oox #iPhone4S @Apple #fb
neutral,@SteveJobs : @Twitter overwhelmed by reaction to @Apple founder's death - Telegraph http://t.co/tqF6pjf5
neutral,"@Apple please put the Tab button back in Pages for iPad. That hold my finger down, wait for the insert tab, then touch that for the tab. SMH"
neutral,Apple shares hit new all-time intraday high: http://t.co/uY35rrRU #win @Apple
neutral,RT @FaithMcNally: @RhiannaRaee hanging @apple in tacoma listening to the beatles!
neutral,@RhiannaRaee hanging @apple in tacoma listening to the beatles!
neutral,In front of the @apple store. So many blue shirts I feel like I'm at a smurf reunion. #iPhone4S
neutral,"A must read article on @fastcompany about @Apple, @Facebook, @Google, and @Amazon technology war in 2012  http://t.co/nxc7Wo4S"
neutral,@cnbcfastmomey what price should I sell @apple for
neutral,"Hey @Apple, when did you hire @TheRock to tighten the screws on the bottom cases of your MacBook Pros?  #Ouch #NiceHire"
neutral,#SteveJobs memorial at the Leawood @Apple store. http://t.co/UVgb05G6
neutral,Hey @apple why is Siri not available for the Mac?
neutral,"New phone is @apple, too bad im not going to get it till tommorrow, dont feel like driving to the mall AND GG is on tonight!!!"
neutral,waiting for Jacob @fairview @apple storeee
neutral,RT @DJTREBEL1: #fail i guess @apple didnt notify these clowns that the iPhone5 isnst out yet.... http://t.co/2yCDNt1B
neutral,#fail i guess @apple didnt notify these clowns that the iPhone5 isnst out yet.... http://t.co/2yCDNt1B
neutral,"#Win an @Apple iPod Touch from @Mommy_gaga, get the @Pampers Hello World Baby Memories App! http://t.co/nDRpciY9 #PampersHelloApps"
neutral,iPhone 4S First Weekend Sales Top Four Million: http://t.co/Dm4acTYv via @Apple themselves. Big sales for the new phone.
neutral,"@WIREDInsider beautiful, yes. though it simply reminds me of @apple's spinning wheel of death. clock, reinvented: http://t.co/tJcJAqfl"
neutral,Dear @apple: Integrated tweeting in ios5 RAWKS. Plz consider adding @ and # lookup like @twitter app. Thx! http://t.co/5uHsTEPz
neutral,Easiest way to use Evernote with iPhone 4S Siri. Just tell Siri to Email Evernote and say your note. @evernote @apple #evernote #siri
neutral,@Apple sells record 4M #iPhone4S phones in first 3 days!
neutral,@brady I am surprised @apple did not think of/anticipate that......
neutral,#iMessage is here wid iOS5 RIP #BBM @cultofmac @apple
neutral,It's a good thing @apple has not came out with an iCar because I would be in line for one and im sure it would be expensive
neutral,RT @carlmilner: RT @petapixel: iPhone 4S vs Canon 5D Mark II - A side-by-side comparison of 1080p HD video: http://t.co/qMyMIV7z &lt;&lt ...
neutral,The iPhone update has segregated my contacts between iPhone users and non-iPhone users. They just had to call out those non-users @apple
neutral,@apple @internode #icloud #ios5 #piracy omg no wonder ive used all my downloads!!
neutral,@apple Iphone's & Ipad's beautiful technology but alltogether mainly a marketing platform. It's obscure is'nt it? Apple lost it's touch.
neutral,@JarjarTee @apple That's really good. Makes you happy to pay the infamous @apple tax :)
neutral,Hall Pass had me rolling...... @Apple bee's lookin for nookie really
neutral,"@hanrahan52 @apple Don't say things you can't take back, Joel."
neutral,@coatgal @apple considering his circumstances - suffering faults on/off for long periods -They replaced his phone with a new as a  goodwill
neutral,@apple @appstore @mac @iOs @Ipad @siri Will siri be available for iPad 2?
neutral,Can this ho Siri update your tweets? cc: @apple @iPhone_News
neutral,@Apple's Success is Also #Google's Gain as #Mobile #Advertising Balloons http://t.co/0400ynQY
neutral,"@_alastair w/ respect, the old alternatives were talking to a computer in india or the geek squad. @apple does a pretty great job."
neutral,"@jackiestone1 yes! Tech peeps talk so much about algorithms, but tech should always tie back to people. @apple proves this #imediasummit"
neutral,The great tech battle ft @facebook @amazon @apple and more http://t.co/ws4lWWXy via @fastcompany
neutral,Another shrewd business model move by @Amazon http://t.co/OQJRRYFq Rooting for the dark horse in the @facebook @google @apple war? #tech
neutral,RT @Apple sells 4 million iPhone 4S in 3 days http://t.co/vElmtzNS via @reuters
neutral,Flowers & Apples shower the Santa Monica @Apple store in honor of #SteveJobs http://t.co/xGf60gMs
neutral,is it me or @blackberry is begging ppl not to go @apple #iphone http://t.co/X3gdBUyK
neutral,Do people loved Steve? Check out this photo from @Apple store http://t.co/jIqBGghC
neutral,RT @petapixel: iPhone 4S vs Canon 5D Mark II - A side-by-side comparison of 1080p HD video: http://t.co/qMyMIV7z &lt;&lt;@apple Wow!!
neutral,"Why @Apple so valuable, good analysis of trended profits, iOS vs. Microsoft: Comparing the bottom lines  http://t.co/k9qst4R4 via @asymco"
neutral,@audrievv @apple You can still use  #MobileMe webhosting (with or without #iWeb) after converting to #iCloud.
neutral,http://t.co/48emAEID #SteveJobs memorial @Apple #Boylston
neutral,I am now the proud owner of @apple tv thanks to big bro @steveeadie and family!!
neutral,"RT @robertoafelipe: @apple predicts #Siri in 1987 in video, the video is staged for September 2011 http://t.co/tFNRP3MD"
neutral,"Big mo: In one week, @Apple #iCloud hits 20M users; 25M use #iOS 5 http://t.co/HTpUTBFK via @cnet"
neutral,Smart as hell. The Great Tech War Of 2012. http://t.co/0O1CfCIZ  Fab Four: @apple @google @amazon @facebook via @kvox #mustread
neutral,@learmonth @Cue improves iMessage + engages @Apple content partners' customers better http://t.co/hhkvlwFB with social activity messaging
neutral,@Twitter returns a Error 500 when we try to post the link to @Apple Support Community detailing how to turn off auto renewal subscriptions.
neutral,RT @kvox: Smart as hell. The Great Tech War Of 2012 (@fmanjoo / @FastCompany) http://t.co/XiJYUoHZ Fab Four: @apple @google @amazon @fac ...
neutral,@philipgrey @apple it's kinda sad that's the most relevant tweet I've seen today. Or kinda awesome. I'm not sure. #DevProblems
neutral,Too bad I'm not an @Apple junkie. #icloud #apple #ios5
neutral,@Apple buried the ability to manage #newsstand subscriptions under App Store Settings. This is inconvenient at best.
neutral,Smart as hell. The Great Tech War Of 2012 (@fmanjoo / @FastCompany) http://t.co/XiJYUoHZ Fab Four: @apple @google @amazon @facebook
neutral,"@apple predicts #Siri in 1987 in video, the video is staged for September 2011 http://t.co/tFNRP3MD"
neutral,Smh at @ItsTheSituation for trying to cut in line for a 4S. Cmon mayne if @Apple's cofounder stood in line then you are too.
neutral,"Go big or go home @Apple users - here are some apps that make your #4s iPhone ""s-s-super"" http://t.co/t74BQyim via @mashable - MS"
neutral,RT @TechHamlet: Thank You Steve : A Song Created for Steve Jobs http://t.co/2vtX8ZJf via @TechHamlet @AzRmusic @Apple #stevejobs #apple
neutral,@pkedrosky @apple I am just waiting for my conf email from iCloud.
neutral,"#wheniwas14... @Apple registered the domain name http://t.co/FPvKn1kJ, thus beginning their plan for world domination"
neutral,Thank You Steve : A Song Created for Steve Jobs http://t.co/2vtX8ZJf via @TechHamlet @AzRmusic @Apple #stevejobs #apple
neutral,Twitter buzz for Best Buy: http://t.co/9SesENTu - RT @acappellamedia OH: Sales guy @BestBuy: &quot;I'm not selling or using any @apple p...
neutral,Anyone know why we can only read iBooks on the iPhone and iPad? Any ideas how to read them on mac? @apple
neutral,Why didn't @apple provide 5GB per device for cloud backup?  Why just 5GB per account?  Silly.
neutral,New Blog! http://t.co/ENCSF1Ju @VerizonWireless @Motorola @Google @Apple #Android #DroidBionic #iPhone4S #4GLTE
neutral,"Over the weekend, @Apple sold more than 4,000,000 iPhones. That‚Äôs about 16 iPhones sold every second."
neutral,how do you sync gmail contacts with your iphone? help please! @apple @gmail
neutral,"Loving these names. ""@Google Chases @Apple With Ice Cream Sandwich"" - http://t.co/u3LchmGD #mobile"
neutral,YESSS @apple fix it also slow internet RT @SprintFeed: iPhone 4S owners are you having trouble with Siri connecting to internet?
neutral,Going to the @apple store today to get this laptop situation figured out
neutral,gulp...@Apple sells 4 million iPhone 4S in 3 days - Yahoo! Finance http://t.co/Zv7DXrIA via @YahooFinance
neutral,Is @Apple's voice #tech really as impressive as the net thinks it is? http://t.co/Rbf23CNX #siri
neutral,"Next year is going to be really interesting in tech as @Google, @Amazon, @Facebook and @Apple vie for new growth areas http://t.co/kkaKFsCH"
neutral,RT @rickholgate: Packed session on @Apple and @Google at #GartnerSYM. Indicator of today's mindshare?
neutral,Packed session on @Apple and @Google at #GartnerSYM. Indicator of today's mindshare?
neutral,This!!!!!! RT @DennieB_15 üë¶üëßüë©üë®üë∂üëµüë¥üë±üë≤üë≥üë∑üíÇüë∏üëÆ..... Um why No black people‚ùî‚ùî‚ùî@Apple
neutral,üë¶üëßüë©üë®üë∂üëµüë¥üë±üë≤üë≥üë∑üíÇüë∏üëÆ..... Um why No black people‚ùî‚ùî‚ùî@Apple
neutral,too many companies don't have @apple management-- 60 sec vid-http://bit.ly/pwLpgQ #entrepreneur #startup @scalecomputing #pioniq
neutral,@BikerVox @mariomussolini @ios_notch @apple xD thats why i have a back up PC‚Ä¶ just incase *hides gun*
neutral,@apple please provide support for a Bangla keyboard in iOS. It would make the life of many Bengali iOS users easier! #iphone
neutral,@Apple sells 4 million on the first weekend. @Samsung sold over 30 million Galaxy S II phones globally.
neutral,Hey @Apple - need more servers for Siri traffic?  I'm sure Google can help you out with that...
neutral,I wish someone would gift me an unlocked iPhone 4s. #iPhone @Apple
neutral,I love @apple & I love my phone.. but ever since this damn update my texts keep saying they're full when there are none & that's a PROBLEM!!
neutral,#opinion @Samsung need to be careful in @Apple patents issues - it looks a lot like you 'learned' a lot by making their chips!
neutral,"Now who can guarantee that @apple hd nothing 2 do with @Blackberry RIM server failure?!Days after, over 4million iPhone 4S sold in 3days!?!"
neutral,"RT @Porter_Anderson: ""3 principal global players will be active in every market...@Amazon, @Apple, & @Kobo."" @MikeShatzkin http://t.co/1 ..."
neutral,RT @bsdalton: @apple underplayed the power of the iPad via @mitchjoel &lt;yup #SOCAPac11
neutral,Ya hoo! @Apple sells 4 million iPhone 4S in 3 days http://t.co/rvdjSMMi (via @news360app) $AAPL
neutral,@apple underplayed the power of the iPad via @mitchjoel &lt;yup #SOCAPac11
neutral,"""3 principal global players will be active in every market...@Amazon, @Apple, & @Kobo."" @MikeShatzkin http://t.co/1ndxcMO1 #dbw #metacon"
neutral,dear invisible intern/assistant: please go pick up my computer from the @apple hospital so i can upgrade to iOS5. thanks!
neutral,#Siri I could have done with out its not that great #iPhone4S I hear the #iPhone5 is coming out #2013 @apple.inc
neutral,Wow... @Apple sold 4 million iPhone 4S in a single weekend... http://t.co/WDLHZsza
neutral,"OH: Sales guy @BestBuy: ""I'm not selling or using any @apple products during my mourning period over Job's passing."" hmmm.."
neutral,"i wish my iPOD had a feature, when it's on the dock to scroll the artist, album, and song title in huge font across it... @Apple"
neutral,RT @TravisDommert: Is leaving Steve's photo on the @apple home page what he would really want? In his honor...let's get back to innovati ...
neutral,RT @TravisDommert:Is leaving Steve's photo on the @apple home page what he would really want? In his honor...let's get back to #innov...
neutral,"Is leaving Steve's photo on the @apple home page what he would really want? In his honor...let's get back to innovation!  Eh, @mark_newton?"
neutral,@apple @iphone sold more because its in more retail duhhhh. Also woz is correct people dont want tech answer just simple child like ones ok!
neutral,Is at the @apple store waiting for a poorly iMac to be seen by a genius. Hopefully this will be painless. Not too bad in here.
neutral,@Apple: Surely iOS5 with it's integrated @Twitter would greatly benefit from moving the # to at least the '123' keyboard page? #simplethings
neutral,"@iancollinsuk @Apple what's incredible, is that people still buy into apple as world beater's.....not true anymore."
neutral,@Apple very disappointed Hogwarts not choice on world clock on iPhone
neutral,Great video @apple 1987 predicting tablets & a form of #siri at the end of this article RT @jedsinger: (cont) http://t.co/RDBeuCtt
neutral,IHS: iPhone 4S shows key design and component changes. http://t.co/6tfiGiDV  @apple #apple #iphome4S #ios5
neutral,IHS: iPhone 4S shows key design and component changes. http://t.co/gZmdzvLe  @apple #apple #iphome4S #ios5
neutral,IHS: iPhone 4S shows key design and component changes. http://t.co/UxfA8Ukg  @apple #apple #iphome4S #ios5
neutral,IHS: iPhone 4S shows key design and component changes. http://t.co/Y3Mali6y  @apple #apple #iphome4S #ios5
neutral,RT @iancollinsuk: Apple have just announced they sold 4 million phones this weekend. Incredible. That recession continues to bite @apple ...
neutral,Great post on the upcoming Great Tech Wars of 2012! @amazon @apple @google @facebook http://t.co/OSeqhT7W via @cbillich
neutral,RT @iancollinsuk: Apple have just announced they sold 4 million phones this weekend. Incredible. That recession continues to bite @Apple
neutral,Apple have just announced they sold 4 million phones this weekend. Incredible. That recession continues to bite @apple #recession
neutral,RT @jldavid: iPhone 4S First Weekend Sales Top Four Million: http://t.co/O7zqnY7K (via @apple)
neutral,RT @TalkYo_ISH: Dear @Apple Can We Get Some Afro-American Emoticons? -Management
neutral,Video: SIRI also gets angry. http://t.co/ksX2XZoR  @chrisvoss @apple #apple #siri #iphone4S #Ai
neutral,Video: SIRI also gets angry. http://t.co/Ku288WX6  @chrisvoss @apple #apple #siri #iphone4S #Ai
neutral,Video: SIRI also gets angry. http://t.co/Xx1chZbN  @chrisvoss @apple #apple #siri #iphone4S #Ai
neutral,Video: SIRI also gets angry. http://t.co/tzigD99b  @chrisvoss @apple #apple #siri #iphone4S #Ai
neutral,@bxlewi1 hey...do you know why @Apple hasn't added 4G support yet? Seems like an odd omission for such an advanced device.
neutral,"Really @Apple and @ATT - Removing the 3G/EDGE switch on iOS 5? You do realize that you work on the 3G network in places often, right?"
neutral,Apple sold FOUR MILLION iPhone 4S's in the first weekend: http://t.co/DdU2qM7O (via @Apple) #phonerecord #twiceiphone4sales
neutral,iPhone 4S 8MP camera : It¬¥s a SONY. http://t.co/X1J8HNZu @sony @apple #apple #iphone4S #cameras
neutral,iPhone 4S 8MP camera : It¬¥s a SONY. http://t.co/6uYIZeAK @sony @apple #apple #iphone4S #cameras
neutral,iPhone 4S 8MP camera : It¬¥s a SONY. http://t.co/njTHOi2x @sony @apple #apple #iphone4S #cameras
neutral,iPhone 4S 8MP camera : It¬¥s a SONY. http://t.co/BIqBEhTb @sony @apple #apple #iphone4S #cameras
neutral,"@Bestbuy or @Apple to purchase my imac, iPad, and printer? #StudentDiscounts?"
neutral,iPhone 4S: Setup SIRI for your Tweets. http://t.co/fZ216OiJ @apple #apple #iphone #siri
neutral,iPhone 4S: Setup SIRI for your Tweets. http://t.co/eyHmHSTM @apple #apple #iphone #siri
neutral,iPhone 4S: Setup SIRI for your Tweets. http://t.co/ws7LINTS @apple #apple #iphone #siri
neutral,iPhone 4S: Setup SIRI for your Tweets. http://t.co/uecqHL6k @apple #apple #iphone #siri
neutral,"Ever since I cleaned my Mighty Mouse ball with alcohol to get it rolling again, any time I click the ball it acts like a left click. @Apple"
neutral,@apple So why is Siri only available on the iPhone 4S ?   - http://t.co/QZuNgyLW
neutral,Lol and what do those look like? RT @TalkYo_ISH: Dear @Apple Can We Get Some Afro-American Emoticons? -Management
neutral,Cool @apple / Steve Jobs infographic http://t.co/Prb5yx4X @MickH87 - timeline history
neutral,Talking @Apple keynotes over lunch with @yuvalariav. Challenged him to check something out ;-)
neutral,Does the iPhone4S no longer have that stupid 'network lost' pop up - possibly the most annoying thing ever that you cannot turn off @apple ?
neutral,Steve's last Design is apparently the @apple #apple #iPhone 5 | http://t.co/DIfQTmwm
neutral,OK @apple your accessories policy is out of hand. I need a powered line in to use the mic? Are you KIDDING ME?
neutral,A court in Sydney banned the sale of @Samsung 's Galaxy Tab in Australia over intellectual property infringement claims by @Apple  #IP_wars
neutral,@Apple received 1m pre-orders in a single day for its new iPhone 4S #consumer_demand #steve_jobs
neutral,@apple can you get your iphone to stop vibrating when you get a text?
neutral,"@Mommy_gaga,  #Win an @Apple iPod Touch and get the @Pampers Hello World Baby Memories App! http://t.co/qEATNMpI #PampersHelloApps"
neutral,"#Siri on @Apple #iPhone4S can allow unauthorized access to texts and emails, even when the phone is locked!! http://t.co/0q5dLt22"
neutral,"If you sign up for iClould, will you also get iRain? @apple #icloud."
neutral,@Apple Not Likely to Win Appstore Suit Case Against @Amazon http://t.co/GNcDGQsc
neutral,"Say no to 1,000 things. What are you saying ""no"" to? 7 Rules of Success from Steve Jobs of @apple #prodmgmt #management #innovation"
neutral,ok it is back @iphone @apple
neutral,Cat accusing tiger for roaring  #Samsung on @Apple
neutral,@apple and @nintendo need to partner up for the app store
neutral,"@apple stuck it to @amazon when it unveiled iCloud, showing that the placement of 'i' before the name of even a failed effort yields success"
neutral,@nascarwriter right where I left it last week... #iphone4S #Apple @Apple  http://t.co/ksJh8BAS
neutral,@paulbentleymelb @apple I think they call that profit-making 'genius'
neutral,What's up with @apple stock going up after #SteveJobs death? #Apple #AppleStock
neutral,@Apple needs to take down the Steve Jobs tribute and get back to promoting the brand - put the Cloud on the front page and start explaining
neutral,"This is better than *every* magazine having their own #app! @EatMagazine @Apple supports magazines. #Ipad upgrade adds ""Newsstand"" #app"
neutral,@twalve too busy having slappy hissy-fits with Samsung? @Apple
neutral,Fregon el nuevo facebook para iPod/iPhone haha alomejor ya tiene rato pero yo lo acabo de actualizar @apple
neutral,RT @MarcMonster: Siri keeps trying to send me to escort services....is that legal? @Apple
neutral,Siri keeps trying to send me to escort services....is that legal? @Apple
neutral,"Watching iGenius on @Discovery. Based on first 13 minutes, @Apple never should have gone public in 1980."
neutral,"Ok, so it was a lion and not a leopard. Too much upgrading this weekend. @apple"
neutral,@virgojud81 well maybe if you would set ya @apple products to send push notifications it would go through.
neutral,@Apple's #Siri is great but #Google #Android always had that functionality youtu.be/gGbYVvU0Z5s #justsaying
neutral,"#Win an @Apple iPod Touch from @Mommy_gaga, get the @Pampers Hello World Baby Memories App! http://t.co/zRBak7kL #PampersHelloApps"
neutral,hmm it seems i should have checked the identity of @apple first‚Ä¶
neutral,"@apple out of respect, I really do think  the Apple logo should be revised to the one you have no doubt seen‚Ä¶ http://t.co/xNKwgxme"
neutral,"#Win an @Apple iPod Touch from @Mommy_gaga, get the @Pampers Hello World Baby Memories App! http://t.co/en0iacwR #PampersHelloApps"
neutral,@boothelk did you know the first @apple home computer to use a mouse was called 'the lisa' ??
neutral,What? Are we not buying enough iPads already @apple ? Give us a break while we learn to cope with a post Steve Apple http://t.co/w7GTxQZ0
neutral,@Apple needs to give me a contract deal i get them new customers all the time #teamiphoneÓÄä
neutral,@HTC vs @Apple who winning
neutral,Steve Jobs Biopic Coming Soon - @Apple #Apple #SteveJobs http://t.co/DxZBa5bG
neutral,@Jhoodmartin @rolandsmartin yes salute to Steve Jobs and @apple. I'm tweeting and you are watching on the IPad. Let's go Schaub time to lead
neutral,Watching @cotmtulsa webcast on Joseph  from my iPad on my @apple TV. I love technology. http://t.co/mpBZyl72
neutral,"Comparing the @apple & @BlackBerry apps/interfaces, can anyone imagine how @BlackBerry could have done worse? #sadreally"
neutral,Waiting patiently for me at the @apple store. @Badog420 http://t.co/NaFaeXuh
neutral,@fundingroadmap @apple also knowing that this is no ending http://t.co/q08cBcuE
neutral,Siri wasn't able to help me find the g-spot....bush league @apple
neutral,@Apple MacBook Air.. satiliktir.
neutral,"RT @Porter_Anderson: ""3 principal global players will be active in every market...@Amazon, @Apple, & @Kobo."" #fbf11 #publaunch @MikeShat ..."
neutral,@apple http://t.co/2YcsCG68 via @donorschoose
neutral,I just told my @apple 4S she was a stupid bitch and her reply was if you insist #lol
neutral,Why can't I check just Notes (without mail) on Lion for #iCloud like I do on the iOS devices @apple ?
neutral,You need to ask #Siri her favorite color and the average speed of an unladen swallow. Seems Someone @apple is a Monty python fan
neutral,"""3 principal global players will be active in every market...@Amazon, @Apple, & @Kobo."" #fbf11 #publaunch @MikeShatzkin http://t.co/1ndxcMO1"
neutral,"If I was @Apple, I'd publicly denounce and file suit against @Nuance. Then buy 'em on the cheap. #Siri"
neutral,"@NoVaTyler I lost a lot that I paid for @apple @WordsWFriends etc! #nothappy oh well, poop happens"
neutral,The folks at @apple are awesome! So glad I a #mactard
neutral,"Waiting at end of 20 person line after checking in on time for my ""genius bar"" appt. @apple store...I do not find this system ""genius"" #FAIL"
neutral,"While the improvements in @Apple Mac OS 10.7 #Lion are great, the full-screen implementation on 2 monitors is broken."
neutral,@mcp111 @apple @AppStore Why are you asking us? Apple don't read messages on Twitter... and Apple aren't @Apple either
neutral,@nansen @apple I have not heard of that. Hubby had no problems- I have not done it yet.
neutral,"RT @TerryStorch: With @twitter and @apple partnership, would be great if SMS from 40404 to iOS devices would use imessage."
neutral,Dear @apple can I still use #iWeb for my #mobileme website if I convert to iCloud with my Apple ID for mail and iCal??? #help #dtv thanks!
neutral,#California Governor @JerryBrown declares today #SteveJobsDay in his State. Music video tribute  http://t.co/mNr1HIx2 @mashable @cnet @apple
neutral,Lmao RT @RobynheaRtz: He asked Siri where's the hoes at & she told him where the nearest escorts were I love @apple
neutral,"@Apple, why do you have such a beef with @Windows?  #cantwealljustgetalong"
neutral,He asked Siri where's the hoes at & she told him where the nearest escorts were I love @apple
neutral,What's up #twitpeeps? How's every @apple user liking iOS 5?
neutral,I want Siri on my iPhone4 ! @apple
neutral,"So @apple the new iMessage is great and all, but is there a way to default to SMS when I'm not on wifi? I have limited data."
neutral,Right. Migrate from older mbp to imac using ethernet not firewire. Thanks Drew for saving me some $. @apple http://t.co/IAHHaGXy
neutral,"Dear @apple, yesterday you sucked. Today you're awesome! Thanks LP Apple store, crash and burn mich ave store."
neutral,@apple store #Towson waiting at Genius bar - huge crowd waiting for #iPhone 4s @michaelmark @nicolelil http://t.co/x92sweCh
neutral,@Apple's Steve Jobs Gets His Day | PCWorld http://t.co/6gT6w2Od
neutral,Back to the Future 2 where @Apple didn't even have IPhone
neutral,Why didn't @Apple merge the address and search bars in Safari ala Crome in iOS 5? #simplethings
neutral,How much do @Apple‚Äôs factories cost? | asymco http://t.co/GH0tvqMO
neutral,@Apple hits @Samsung in court again - http://t.co/l6brF3yB
neutral,"@Mvm549 well, if it told you what you did to it or how it happened, it would be concrete evidence that @Apple is logging your life. :l"
neutral,U pick Camera&Iphone4s orCamera&Ipad2?????????????? @apple
neutral,"@Apple, Y U NO LET ME PRE-ORDER IPHONE 4S?"
neutral,@Blogger loves @Apple iPhone. My blogpost finally done through iPhone apps.
neutral,Can someone explain to me how the hell iMessage differs from a text message? @Apple #fb
neutral,Can someone explain to me how the hell iMessage differs from a text message? @Apple
neutral,"@Apple, feel free to accidently ship me a new iPhone 4s #nobigdeal"
neutral,@Apple  I asked Siri 'if she swallowed' she relied 'Lets see' - wtf do i do now? wank over my phone?
neutral,"#Win an @Apple iPod Touch from @Mommy_gaga, get the @Pampers Hello World Baby Memories App! http://t.co/8MaDmqPc #PampersHelloApps"
neutral,@apple How much is the student discount on the MacBook Air in Canada? Your reps have said both $50 and $100. Which is it? Thanks! #laptop
neutral,@apple @AppStore @ihelpline when r u going to provide the ability to password protect iPad email???
neutral,has the new iOS5 changed the way the iPad charges? I've noticed I can charge from my laptop & iPhone charger now @toptweets @BBCClick @apple
neutral,You know what would be awesome? If @QVC sold @apple iPads on easy pay. #yesplease
neutral,Thanks @apple my girlfriend likes #siri more than me now.
neutral,"@Apple store dude ""i hear an accent where ru from?"" me ""no from ct, but ur not 1st 2 tell me that"" dude ""maybe its... http://t.co/93Ztje8p"
neutral,SpeechTrans http://t.co/TW3SzX61 on @Apple App store listed as the #best bi-directional #Speech To Speech #Translator -- Posts on Twitter
neutral,@CoLDSToRAGE Haven't had a chance to check out the #android overhaul but ebooks are likely a response to @apple newsstand baked into #iOS5
neutral,@apple no Siri support for Canada sucks #Siri but loving the new iPhone upgrade from my 3GS #iphone4s
neutral,Awesome documentary about how apple was created.. #stevejobs #apple @apple http://t.co/Qetk8ds2
neutral,Oops! Apparently @apple is some handle-squatter. Tweetbarassment.
neutral,This video brought a small tear to my eye http://t.co/3va2ninp. Watch to @SteveWoz opinion of #SteveJobs and @Apple
neutral,this reader button for safari is perfect for fic @apple #ios5 #stevejobsday
neutral,"MacBook Pros constrained, new models appear in Apple‚Äôs inventory system @apple @macbookpro... http://t.co/blGr9Ue5"
neutral,A Great iPhone 4S Review @engadget @iphone @apple http://t.co/gX07Qywe
neutral,@apple Give Siri back!
neutral,RT @DutchPuberLife I want whatsapp for iPod touch!! @AppStore @Apple
neutral,@Apple has lunched its new OS: iSO 5
neutral,Bouquet for Jobs @Apple Store Nagoya http://t.co/pmEcxPug
neutral,"New #iOS5 notification center is a big improvement, but @apple missed an easy trick by not making it fully available on lock screen."
neutral,@apple http://t.co/LKm2JzIN
neutral,The battle of voice controlled AI platforms. If they were mobile OS ind - same q's as in IE antitrust case in EU? Vlingo v @google v @apple
neutral,SpeechTrans http://t.co/TW3SzX61 on @Apple App store listed as the #best bi-directional #Speech To Speech #Translator - Posts on Twitter
neutral,"#Win an @Apple iPod Touch from @Mommy_gaga, get the @Pampers Hello World Baby Memories App! http://t.co/gIHYpzWO #PampersHelloApps"
neutral,"Or hide it.. RT @LucasBlack: Dear @Apple.Re: Newsstand. Don't advertise magazines for free:they're NOT free.Also,allow us to remove the app."
neutral,"#Win an @Apple iPod Touch from @Mommy_gaga, get the @Pampers Hello World Baby Memories App! http://t.co/fnbKNwmj #PampersHelloApps Ends10/21"
neutral,"@Mommy_gaga  #Win an @Apple iPod Touch @Mommy_gaga, get the @Pampers Hello World Baby Memories App! http://t.co/qEATNMpI #PampersHelloApps"
neutral,I have to change my homepage from @apple.  Steve Jobs looks like an owl
neutral,@msantram I want @apple to integrate Siri with @Quora.
neutral,@MisThang2u nope they wouldn't even let me & my mom switch @apple she has an upgrade mine isn't do til marchÓÅò
neutral,"@Apple iOS5 is all well and good and has nice new features, but I'm still waiting on an app that will go to work for me."
neutral,"As tribute to Steve @apple, i'd consider renaming #Siri to Steve - he'll get your #Jobs done!  Forever remembered for his legacy."
neutral,can't wait for @Spotify and @Apple to integrate with Siri.
neutral,@rjpittman Why you won't use your @apple account.
neutral,I hope @apple will release an app for Siri for us non-apple 4s users. #apple #iphone #siri
neutral,"strange, i cannot put my newsstand app into any group. @apple wants to be our new paperboy #iOS #iphone"
neutral,"In case you were curious like me.... IPhone 4S: Which Apple #iPhone is Best for Price, Features? http://t.co/d1LonCzc @Apple #HealthIT #EHR"
neutral,Lemme just say iOS5 is mad cool BUT it needs A LOT of bug fixes @Apple
neutral,"I don't get it. Instead of @apple dropping the 16GB iPhone 4 down to $99, they release an 8GB one for $99???"
neutral,Dear @Apple iMessage client for desktop please :)
neutral,"#Siri is kinda slow, tho impressed it got my accent and commands first time out. @apple"
neutral,Why doesn't the Genius have songs for Watch the Throne yet? HUH? @APPLE ?????
neutral,"""#Win an @Apple iPod Touch from @Mommy_gaga, get the @Pampers Hello World Baby Memories App! http://t.co/eYLm3pav #PampersHelloApps"""
neutral,SpeechTrans http://t.co/TW3SzX61 on @Apple App store listed as the #best bi-directional #Speech To Speech #Translator ---- Posts on Twitter
neutral,@Blackberry -vs- @Apple iPhone?
neutral,Our trip to SF and Silicon Valley is about to end. Visit @Apple HQ is one of the final stops. http://t.co/ikoOqdoc
neutral,"""#Win an @Apple iPod Touch from @Mommy_gaga, get the @Pampers Hello World Baby Memories App! http://t.co/DLLabuAK #PampersHelloApps"""
neutral,Do wish @hudl would come up with a native @apple Mac version of their video editor especially with HD video.  But love everything @hudl
neutral,@_courtneytaylor @apple did you get a 4S?
neutral,@apple should make Siri avalible for all devices not exclusive to the iPhone 4S
neutral,Still a line @apple store Hillsdale mall #94402 http://t.co/wzVxNz8E
neutral,@apple http://t.co/awASwV5u
neutral,@Apple Why do you have a volume control in the fast app switcher!? Buttons. Volume buttons. You have them. Give me a brightness slider! #wtf
neutral,Proof that my dad loves my sis more. RT @AnnaCorinne16 woke up to my dad at my door w my new iphone. he surprised me & went to @apple!
neutral,Too many iPhones.  @apple @dcoult #FirstWorldProblems http://t.co/Ck4yfFSY
neutral,"Dear @apple, as a hoh/deaf user, can you please add options for stronger and longer vibrate for #iphone4s ? Thank you! #hoh #deaf #ally"
neutral,At the Genius Bar... Waiting @apple store
neutral,"no kidding ‚Äú@thejabberwockey: Also @EricGreenspan, don't forget @Apple stop closing the app store after each bloody purchase...‚Äù"
neutral,"So, what is behind that giant silver door at the @apple store? #MacLife"
neutral,@robcollingridge @Apple @Google and with a URL that works http://t.co/vGSf529q
neutral,"@robcollingridge @Apple @Google Been looking at Samsung ChatON tonight, very promising. Integrated with key apps http://t.co/DZsGPhqt"
neutral,"@thejcurt unlocking it at @apple store. RIP, Mr. Jobs."
neutral,"Siri is cool but more importantly handy and FUNNY. @Apple please configure it for Canada. What's with the racism, EH?"
neutral,#IOS5  needed to include a landscape mode for reminders @Apple
neutral,"De la nada mi #iPhone4 se fue a negro y empez√≥ a vibrar, hubo que resetearlo, que onda con #iOS5 WTFH @Apple"
neutral,http://t.co/CvEKdOIQ line at @Apple northpark #dallas mall. #4GSiPhone
neutral,@davidcohen Sounds like 2nd day strategy isn't working. We got ours yesterday - in and out in no time. @Apple staff awesome/efficient!
neutral,"@sprint is slow, slow, slow. beware when signing with #SlowSprint. @apple #iphone #iphone4 #iphone4s #Siri #android #TheBufferingNetwork"
neutral,Waiting on line @Apple store at west 14th Street.
neutral,In honor of Steve Jobs. @apple #RIPSteve http://t.co/NyjhkNoU
neutral,when is @apple gonna update the fact that i can't see emoji on twitter for mac?
neutral,RT @ajrogers Purdie Rogers tribute to #SteveJobs and @apple. We spray painted the Macintosh Plus w.. http://t.co/AlDicTd1
neutral,RT @ajrogers Purdie Rogers tribute to #SteveJobs and @apple. We spray painted the Macintosh Plus w.. http://t.co/oMXjhZh0
neutral,@apple so why is the ios support for 2nd gen ipods discontinued? It is only 3 years old? Give us an ios update please!
neutral,"Just had a look on eBay for iPhone 4s and some have 13,16,24 bids at well over ¬£500 some ¬£530 (16gb white) , they are ¬£499 delivered @apple"
neutral,#SaturdayCute: Shit That #Siri Says. @Apple designers knew what people were going to ask the new digital assistant... http://t.co/Ecji1iIo
neutral,"@thatstevegray done that buddy, just  surprised that there's no option from @apple & if you turn it back on it brings back the pics u delete"
neutral,SpeechTrans http://t.co/TW3SzX61 on @Apple App store listed as the #best bi-directional #Speech To Speech #Translator --- Posts on Twitter
neutral,So @apple changed the look of their on/off toggle. I wonder how long it will take for all the hip web apps to follow...
neutral,I want everybody on earth to iMessage me.  Is there anyway the world can iMessage me without giving them my phone number??? @Apple
neutral,"RT @MyMelange: Wall to wall people, security and a huge line outside just to get in the @Apple store.  http://t.co/i1khkgJm"
neutral,Whoa! Line at @apple store in Glendale for iPhone 4S  http://t.co/yZlpogXB
neutral,Follow me and I follow you!! @iOS5 @fansoflilwayne @follow @apple
neutral,"Salesperson at #soho @Apple store ""it doesn't matter how many people are lined up out front. They're not gonna get one"" #iphone4s"
neutral,@apple and I'm looking at the outside & all you see is sticky notes about steve jobs
neutral,@samsung and @apple never rest as they battle in court yet again over tablets.(not the pills)
neutral,Iphone update is great but seriously @apple let me delete stuff I dont want like gamecenter. Steve wont mind...
neutral,@rjakesuk mine is past the warranty and I don't have AppleCare. #ios5 @apple
neutral,If @Apple could put the USB female connector in cars would be #Dope
neutral,What do we have to do to get Flash on #iPad? @Apple please please please change your mind. Thank you in advance! @kusi_sk  @PeterNemcok
neutral,@ireton Perhaps it's time for @Apple to come out with an app called iSuck that lets you know which apps are killing your battery life
neutral,20 min line @apple store @short pump.
neutral,Lol @Apple support playing Mary J Blige during the wait time.
neutral,"RT @TheMacMob: Sprint, Verizon & AT&T @Apple Stores http://t.co/ZOzR0UUz"
neutral,@xwordy iCloud was new; I didn't need weather or stocks but they were there pre #ios5 so I'm not hopeful that this will help @apple
neutral,"Thinking more, I want Android to do an iMessage service & for @Google & @Apple to interconnect. They would if the cared about their users."
neutral,@apple in Austin:  domain location - umbrellas are nice but being staffed properly would be better.
neutral,bored - need a new intriguing #app for my #iPad.  Any suggestions?  @apple #yyc @Gadget_Guy
neutral,"@KeepnUpWitTBoyd @AppStore @iTunesMusic they fixed a bug Thursday after I had done my update? Thus my issue, spent Fri @apple  #iOS5"
neutral,"And @Apple I still have an old MBP from 2006 which I use - which can't run #Lion, I still like to sync it!"
neutral,"@moLifer26 @apple When we find people standing in the middle of blood-soaked rooms saying, ""Siri told me to?"" #noreallyihearvoices"
neutral,"@fabi_m not that I know of. I think it is only on iOS, should get @apple to make a desktop app :)"
neutral,"@notleifgarrett @apple wished their on hold music played ""Pictures of You""."
neutral,@RealEstateGuyWI All about yesterday's @Apple upgrade. Helpful but maddening
neutral,"after being on hold with @apple for the last 30 mins, i really like their music selection of on-hold music. White Stripes, Ray Lamontagne..."
neutral,"""#Win an @Apple iPod Touch from @Mommy_gaga, get the @Pampers Hello World Baby Memories App! http://t.co/g8Uof7uz #PampersHelloApps"""
neutral,"@vlingo is a POOR substitute for Siri!! Yo @APPLE, gimmie Siri!!!!"
neutral,@Apple Scrapple. (:
neutral,@tvnewschick @apple Oh no! Why not?! I want it to be love-love-love! It's a lot of dough to spend otherwise...
neutral,One of the great #entrepreneurs has died. #Steve #Jobs has passed away. Our hearts go out to his family and everyone at @Apple
neutral,@fashionNOGuilt haha! tomorrow should be less hectic too! 'cause everyone and their moms was at the @apple store today! ;]
neutral,On Google+ then go here http://t.co/oTBwkxo9 #GPlus #Googleplus #Google #teamfollowback #socialnetwork
neutral,Who else is on g+ ? Add for add? Let me know.  #TFB #TAF #google+
neutral,Have anyone of you found a Twitter to Google+ tool? #Google #Twitter
neutral,#Google unveils next iteration of #Android - #icecreamsandwich - with several revamps incl facial recognition security http://t.co/xMrZVkav
neutral,"Google Offers to compete with Groupon, Living Social - Pittsburgh Post-Gazette http://t.co/Wwj3xvdm #google"
neutral,What does it take to get a job at #Google? #recruiting http://t.co/eVjiH7oD
neutral,"Samsung Galaxy Nexus, Android Ice Cream Sandwich unveiled http://t.co/wWrYcM04 #android #google #samsung"
neutral,#Google #Ice Cream Sandwich (#Android 4.0): a hands-on ##screenshot #gallery http://t.co/bpZRz337
neutral,Now it's time for some Ice Cream Sandwich! #Samsung launched it's latest Android Galaxy Nexus phone powered by #Google
neutral,in the theater .. there are are a good 300 ppl here. #guae #google #dubai http://t.co/OjykYcfo
neutral,#Android #Google Samsung Galaxy Nexus official hands-on [Video] http://t.co/6GX3R9MT #DhilipSiva
neutral,RT @NeowinFeed: Android 4.0 Ice Cream Sandwich announcement round-up #android #google http://t.co/L5m9uwD7 #neowin
neutral,RT @iPadPowerUsers On Google+ then go here http://t.co/1OGs2xA9 #GPlus #Googleplus #Google #teamfollowback #socialnetwork
neutral,Did #Facebook Just Beat #Google At Its Own Game? http://t.co/SiJsB3ME #socialmedia
neutral,Did #Facebook Just Beat #Google At Its Own Game? http://t.co/xVonCBeb #socialmedia
neutral,#Google Says ICS Is Coming To The #Nexus S And ‚ÄúTheoretically‚Äù Should Work With 2.3 Devices http://t.co/TY0HDQAm
neutral,Unwrapping Ice Cream Sandwich on the Galaxy Nexus http://t.co/pw4mfbSe #Google
neutral,Bitch please your vagina has been used more than #google .
neutral,#Google #IceCreamSandwich Debuts as IPhone Sets Record: Tech. http://t.co/TrENUYF4
neutral,Google Defaults to Encrypted HTTPS Searches for Logged In Users #Google http://t.co/6yFZvoxS
neutral,Salman is neither good nor bad
